business_id,stars,name,processed_text
zsQ1_PNV3KN0EWhAE-WV9g,3,Tohono Chul Garden Bistro,youre looking restaurant bring town guest good choicetheir patio prime tucson resortlike gorgeous setting offer perfect respite ordinary comfortable sunny day surrounded lush desert flowerhumming birdbutterfly garden advised youre paying premium ground premium worth feel recharged renewed enjoying lovely patio enamored food though food average priced well average tourist spot go knowledge food priced flavored accordingly wrap sandwich salmon salad price arent much higher wildflower food isnt good either still nice option need place bring town guest youre looking change local routine show guest ordering prickly pear lemonade bonus make sure stroll ground eat fantastic nursery feature native nonnative desert plant civano nursery complete helpful volunteer take time explaining care
zsQ1_PNV3KN0EWhAE-WV9g,4,Tohono Chul Garden Bistro,decided try recentlyand thing looking kitchen still slow food rather inconsistent whole seems getting better sat outside time better option kid nice weather general actually enjoyed meal wait significant high season though prepared
zsQ1_PNV3KN0EWhAE-WV9g,5,Tohono Chul Garden Bistro,came across brunch place absolutely loved scenery peaceful food presented beautifully got tres locos taco tohono chul skillet huevos rancheros tohono chul quesadilla carne asada everything amazing huevos rancheros little different used bad choice pleased place great service well ryan took really great care u
zsQ1_PNV3KN0EWhAE-WV9g,3,Tohono Chul Garden Bistro,great atmosphere food flavorful older hostess grouchy smile greeted leaving told goodbye stared spend money elsewhere
zsQ1_PNV3KN0EWhAE-WV9g,5,Tohono Chul Garden Bistro,favorite brunch place sure prickly pear mimosa changing menu delicious local fare always fabulous dont think ive ever anything didnt like honestly huevos rancheros indian fry bread far one best thing ive ever put mouth cant beat ambiance sitting outside near garden gorgeous place must
zsQ1_PNV3KN0EWhAE-WV9g,5,Tohono Chul Garden Bistro,great food try salmon beer salad passion fruit iced tea lunch delicious
zsQ1_PNV3KN0EWhAE-WV9g,1,Tohono Chul Garden Bistro,today came ordered seasonal menu good service hand terrible server catina took drink order deliver refill offered refill check dropped pick took food order deliver hasnt even earshot general area ghost like luckily brett able get refill check food delivered u recommendation hire manager manage place give busboy serving job dont plan coming back despite good food beautiful location
zsQ1_PNV3KN0EWhAE-WV9g,2,Tohono Chul Garden Bistro,place tea room one favorite tried new place sorely disappointed menu replaced much le interesting one food pretty forgettable terrible staff friendly patio still gorgeous didnt hate wont come back there many good place tucson waste time place
zsQ1_PNV3KN0EWhAE-WV9g,4,Tohono Chul Garden Bistro,wonderful place lunch make sure monitor weather best place sit wonderful lunch patio however patio hot sun cold shade depending weather pay attention get seat right place fortunate great place shade warm day prickly pear cactus drink delicious id love go back one thing service terrific
zsQ1_PNV3KN0EWhAE-WV9g,5,Tohono Chul Garden Bistro,new goto brunch place around corner house casas adobe even summer garden patio dining beautiful there also indoor seating option ive twice without reservation didnt encounter problem may different story busier time year time ordered egg benedict satisfactory good husband make thats tall order one better rendition ive restaurant really earns place star prickly pear mimosa original concept per se actually serve wine glass instead champagne flute le fancy drink yay server visit personable took time chat wasnt obnoxious creepy also really appreciated didnt make girlfriend feel rushed gabbing taking sweet time ordering eating maybe different busy waiting turn table make big impression looking forward returning soon
zsQ1_PNV3KN0EWhAE-WV9g,5,Tohono Chul Garden Bistro,great food beautiful lush desert atmosphere former home loved eating outside patio listening bird soaking great ambience
zsQ1_PNV3KN0EWhAE-WV9g,1,Tohono Chul Garden Bistro,update previous review lunch since breakfast hope would delicious egg benedict awful english muffin badly charred scraped scraping still plate burned taste still hollandaise sauce flavor fruit bowl pretty terrible grape stem grape citrus slice mostly peel coffee tasted instant complained server apologized nothing done still love park recommend visitor resident alike food remains disappointment doubtful well go back unless change management
zsQ1_PNV3KN0EWhAE-WV9g,5,Tohono Chul Garden Bistro,food seriously delicious creative prickly pear lemonade amazing egg benedict great service wonderful stacie manager much fun happy tucson home beautiful gem restaurant
zsQ1_PNV3KN0EWhAE-WV9g,3,Tohono Chul Garden Bistro,touring park decided drop check cafe came day christmas seemed like bit overstaffed hostess asked wed ok waiting bit seated give staff time get caught alright u could check gift shop waited seated however got weird mixup waiter came take drink order couple minute later haley came started introducing giving spiel asked happened simply stated ill taking care proceeded take drink order pointed already taken awkwardly bowed point came back minute later prickly pear lemonade novelty taste thats everyone took food order ended waiting nearly minute food arrived quesadilla alright wife vegetarian fry bread tostada considered far superior service received mediocrity food consider restaurant fairly overpriced nice taste local cuisine feel like done cheaper le wait elsewhere
zsQ1_PNV3KN0EWhAE-WV9g,5,Tohono Chul Garden Bistro,new favorite brunch spot great food great service bottomless mimosa beautiful setting need say savory sweet blue corn green chili waffle moist fried chicken vanilla chiltepin syrup huevos rancheros pillow fry bread perfectly seasoned smashed potato side im drooling thinking many item menu wanted try guess well go back yay made birthday weekend extra special thank
zsQ1_PNV3KN0EWhAE-WV9g,4,Tohono Chul Garden Bistro,suggested stop breakfast lunch concierge omni national resort must say impressed entire experience actual restaurant inside outdoor garden surrounded beautiful desert vegetation food incredibly good item breakfast menu actually late waiter ask cook could make exception outdoor seating area great wait food get walk around walking path read sign next plant describe specie hummingbird place main attraction people visit location summation location great unique peaceful atmosphere service one experience outstanding food good seemed fresh menu alot selection unique option chef selection still grounded basic
zsQ1_PNV3KN0EWhAE-WV9g,5,Tohono Chul Garden Bistro,beautiful place dine especially garden food good maybe bit pricey biggest draw u vegetarianvegan menu section breakfast delicious fresh
zsQ1_PNV3KN0EWhAE-WV9g,5,Tohono Chul Garden Bistro,host friendly food ordered upscale spin ethnic favorite prickly pear margarita star show beautiful look taste dear one ordered chicken waffle bluecorn green chili waffle crispy fried chicken breast sceptical purest really good chili kick first time calabacitas great example dish quesadilla yum great need flavor back patio parade adjacent surrounded mature tree gorgeous bloom first visit definitely last
zsQ1_PNV3KN0EWhAE-WV9g,5,Tohono Chul Garden Bistro,place fabulous cozy little place beautiful scenery havent eaten outside yet hate heat ill outside dining winter inside adorable comfyjust like went friend bite eat food yummymy husband love egg benedict prickly pear lemonade like tomorrow hubby family frequenting eatery often
zsQ1_PNV3KN0EWhAE-WV9g,5,Tohono Chul Garden Bistro,recently moved suburb nyc fabulous restaurant abundance bit disappointed many restaurant tucson howeverafter amazing meal lunch tohono chul decided bring boyfriend birthday thursday night music special food absolutely delicious chile relleno absolutely fantastic give place another shot delicious food vey nice atmosphere
zsQ1_PNV3KN0EWhAE-WV9g,3,Tohono Chul Garden Bistro,stopped lunch playdate kiddos explore garden party consisted adult toddler infant restaurant crowded would understood trying cram u single table however seated table corner next kitchen next u sat empty table could combined give u little breathing room especially long reach infant food good prickly pear lemonade nice treat everyone enjoyed especially two little girl marveled pretty pink color good price tag adult meal sandwichsoup combo kid meal cheese quesadilla mac cheese tax tip almost service little spotty horrible food delivery prompt saw waiter seemed little trouble splitting tab took try get right check price place afford eat often would good contender special event mother day easter etc
zsQ1_PNV3KN0EWhAE-WV9g,2,Tohono Chul Garden Bistro,big fan nowclosed tea room decided taste new offering garden bistro still pleasant surroundings still wait open old eating area still construction later summer staff pleasant enough although badly miss previous wait staff wed morning one table served service decidedly slow ok take surroundings make wait painless food breakfast seems like paid attention fancy name menu much le food platillo americano despite sophisticated name served ordinary bacon egg listed texas toast option simply ordinary two slice slightly crisp untoasted bread please look usually made thick toast buttered saut√©ing browned bacon nothing special despite name brown sugar pepper mill bacon potato mushy salted realize starting new new locale easy customer old tea room fare one cant help compare good hurt weve loved place since discovered moving taken many guest lunch breakfast sadly well wait see change time least make food good tasting pretentiously named food apology bard breakfast name still breakfast
zsQ1_PNV3KN0EWhAE-WV9g,3,Tohono Chul Garden Bistro,tohono chul ground beautiful little bistro perfect compliment recently brunch large group good time private room quite nice although complaint see beautiful plant cactus etc inside private room brunch served buffet style bad although option available
zsQ1_PNV3KN0EWhAE-WV9g,5,Tohono Chul Garden Bistro,came friend captivated food setting service prompt quality food outstanding helping beat view small important factor least fact got portion size correct sometimes restaurant serve way much lunch food fresh highquality portion size perfect taco incredible salmon salad even area go bistro even dont time go cactus garden
zsQ1_PNV3KN0EWhAE-WV9g,3,Tohono Chul Garden Bistro,prickly pear mimosa brunch everything tasty lovely atmosphere service prompt little pricey really environment im sad dont tea room bad option would nice mother day think chair outside little uncomfortable get smidge buggy pretty great
zsQ1_PNV3KN0EWhAE-WV9g,5,Tohono Chul Garden Bistro,wonderful american cuisine good idea thing taste light flavorful little abuse deepfry overseasoning balance right flavor nutrition ground atmosphere garden like cleanly kept good lighting service well must come location even hour driving also provide thing prickly pear syrup taste amazing
zsQ1_PNV3KN0EWhAE-WV9g,2,Tohono Chul Garden Bistro,beautiful location interesting menu brought friend sunday brunch left nashville tn food arrived cold mistake made order everyone else kept mum couldnt accept plate waitress didnt apologize though said nothing snooty felt displeasure strong enough lost appetite eat soured stomach wed ask coffee didnt bring cream time arrived coffee cold scone soft top soggy middle undercooked egg overcooked replacement plate well done problem uncomfortable wont going thing happened mother went last summer okay enough food server acted like really didnt want sunday morning table filled seemed server outside next time well go jerry bob maybe food inexpensive get service smile always hot feel good gone tohono chul garden bistro
zsQ1_PNV3KN0EWhAE-WV9g,2,Tohono Chul Garden Bistro,enjoyable lunch several time looking forward joining group friend breakfast setting lovely wasnt even crowded saturday ordered huevo hash side pork bellyit looked interesting server attentive food arrived fairly quickly sadly quickly disappointed poached egg like hard boiled egg like part meal tepid part hot sweet potato puff deep fried roasted corn black bit baby spinach searched two dark shred pork belly tasty really extra hardly worth coffee poor quality way overpriced like friend ordered special scone french toast sounded good dry leaden clearly soaked enough egg batter moisten disappointed tax tip breakfast appreciated local diner type restaurant went following saturday far superior
zsQ1_PNV3KN0EWhAE-WV9g,4,Tohono Chul Garden Bistro,must place eat youre touring tohono garden also must youre going tucson great place like cactus succulent gardening restaurant also patio great great food
zsQ1_PNV3KN0EWhAE-WV9g,4,Tohono Chul Garden Bistro,nice place accommodated u short notice prickly pear lemonade sweet tangy time fyi mimosa didnt get try food good fresh fruit sweet fresh even yo party enjoyed definitely come back degree outside
zsQ1_PNV3KN0EWhAE-WV9g,3,Tohono Chul Garden Bistro,sat table currently still served give minute walk food come good change rating food finally arrived got chicken waffle special quite good raised rating star service better rating would higher
zsQ1_PNV3KN0EWhAE-WV9g,5,Tohono Chul Garden Bistro,doesnt get better fast friendly service quiet natural setting delicious food wonderful desert perfectly prepared burger fruit bourbonpecan gelato mmmmmmmm know ill back
zsQ1_PNV3KN0EWhAE-WV9g,3,Tohono Chul Garden Bistro,food good setting wonderful relaxing walk garden nice finale ordered three sister gnocchi chile relleno good also overcooked smokey flavored gnocchi almost tough relleno could benefited le time oven well serving large filling wont leave hungry service great friendly attentive indoor seating modest cool day would advised make reservation outdoor setting lovely larger overhanging tree umbrella shelter sun light rain
zsQ1_PNV3KN0EWhAE-WV9g,3,Tohono Chul Garden Bistro,restaurant truly speaks name lovely sitting outside enjoying flora fauna ton butterfly grasshopper hummingbird jus beautiful service great well waitress made sure served first made good conversation u food indian make sense tohono chul different used ordered chilequiles pretty much bowl crunchy nacho breakfast instead soft tortilla sauce would think wit traditional chilequiles im big nacho andi certainly dont want breakfast husband ordered heuvos rancheros different good way came fry bread instead tortilla state menu really didnt like black bean came dish saw coming truly looked good like salmon quiche think eat breakfast well get traditional food mexican fare would like try sunday brunch sometime
zsQ1_PNV3KN0EWhAE-WV9g,5,Tohono Chul Garden Bistro,thoroughly impressed food delicious beautifully prepared got qusedilla relleno couldnt happier lemonade one kind
zsQ1_PNV3KN0EWhAE-WV9g,5,Tohono Chul Garden Bistro,oh huevos rancheros friend family tucson suggested visit tohono chul vacation ambience alone instructed went straight back patio first sit outside morning gardener still watering alluring flora scenery gorgeous huevos rancheros brunch may rave place perfect unordinary breakfast one order pbj griddle cake three rather massive pancake featuring peanut butter powder topped cactus arbor preserve distinctively mild flavor huevos rancheros case want secluded meal table available beyond patio garden given option sit may nice place eat huevos rancheros oh huevos rancheros best dish consumed stay tucson healthy tasty southwest flair dish remember mixture chorizo cherry tomato sort squash surrounded overmedium egg piece fry bread amazing combination home fry equally tasty cooked perfection slightly crunchy bursting flavor would nice try thing menu huevos rancheros
zsQ1_PNV3KN0EWhAE-WV9g,3,Tohono Chul Garden Bistro,youre thinking ordering bottomless drink read biggest complain bottomless margarita mimosa charge first one second one starting third drink get one dont tell initially also mad ordered margarita server disappeared end meal asked wed like another margarita said yes even though end meal felt full thought heck theyre bottomless weve one round got charged another margarita didnt even finish since already drank entire pitcher water table server come back bill salmon salad crab cake entree margarita including tip feel like meal felt bit cheated especially seeing spent almost alcohol drinking margarita half youre going advertise bottomless drink waitstaff need around serve food salmon salad salmon flavorful cooked perfectly overall little much dressing salad heavy covered flavor fruit crab cake best flavor hard remember ever better crab cake even coast side delicious except bean flavor wanted love place park beautiful scenery meal lacking said thing improve wouldnt mind coming back nice change usual restaurant
zsQ1_PNV3KN0EWhAE-WV9g,5,Tohono Chul Garden Bistro,one best meal ive ever southwestern twist caprese salad prickly pear lemonade charming setting
zsQ1_PNV3KN0EWhAE-WV9g,4,Tohono Chul Garden Bistro,beautiful brunch outside fabulous fall weather weekday morning bit slow big selection menu definitely something everything food prepared perfectly four star rather five bit pricey side also one hurry appropriate group might everyone really beautiful garden
zsQ1_PNV3KN0EWhAE-WV9g,4,Tohono Chul Garden Bistro,yes place pricey else fancy lunch good service among blooming desert flower sitting close saguaro cactus whole place seems bungalow main dining room colonial yet chic feel good bridal shower event gift shop one wing u browse waiting food isnt bad either
zsQ1_PNV3KN0EWhAE-WV9g,5,Tohono Chul Garden Bistro,lovely setting sitting prickly pear lemonade enjoy rich history house door would admit horse perhaps even carriage food always find delicious prettyand plentiful although longer high tea afternoon gave year old grandma wonderful facsimile worth wait occur time resturant
zsQ1_PNV3KN0EWhAE-WV9g,4,Tohono Chul Garden Bistro,walk beautiful garden collecting idea taking pic stopped eat breakfast wow daughter fruit plate dont even care fruit delish soft shell crab sandwich tasty flavor didnt compliment meal ordered burger knocked park moist delicious right fry sweet potato fry excellent well crispy hot server sweet outdoor patio perfect expensive going pay sit greenery little shop big park earn enough stay open eh go hour avoid wait bring camera throw french fry handicapped sparrow tumble walk bend feeding bird rule
zsQ1_PNV3KN0EWhAE-WV9g,1,Tohono Chul Garden Bistro,went special holiday light trail told dinner included ticket trail reservation made however info wrong wanted six u pay per person ate disappointed food ok
zsQ1_PNV3KN0EWhAE-WV9g,5,Tohono Chul Garden Bistro,tohono chul twice impressed time first time ordered huevos rancheros second time chicken waffle delicious still dreaming huevos rancheros staff extremely friendly time overall look space beautiful added bonus dont miss bottomless mimosa loved prickly pear sure take stroll around park eating
zsQ1_PNV3KN0EWhAE-WV9g,3,Tohono Chul Garden Bistro,lovely place breakfast food could match ambiance husband ordered egg benedict egg arrived severely overcooked potato cold asked multigrain toast got sourdough waitress super sweet apologized cook said training made everything right patient goodhumored really salvation experience oh might add food seriously overpriced egg benedict exceptional would one thing mediocre bad really want like place
zsQ1_PNV3KN0EWhAE-WV9g,5,Tohono Chul Garden Bistro,beautiful day garden beautiful food fabulous service great definitely going back
zsQ1_PNV3KN0EWhAE-WV9g,4,Tohono Chul Garden Bistro,vegan split pea brown rice burger fry amazing brownie la mode even better beautiful scenery pleasant staff husband quesadilla huge mom special salad enjoyed even brought bowl water service dog
zsQ1_PNV3KN0EWhAE-WV9g,2,Tohono Chul Garden Bistro,tohono chul park tearoom recently closed garden bistro opened setting complete new chef management open one week visited clearly still working food prep staffing order delivery issue lunch menu fairly limited featuring couple salad sandwich option burger ordered fruit salad supposed come greek yogurt scone salad promised array fruit plus scone greek yogurt scone like small cookie yogurt missing honey butter mixture place salad missing three promised fruit plus small resembling typical side fruit decoratively placed plate lemon garnish definitely disappointed hoping case opening week difficulty better food service coming
zsQ1_PNV3KN0EWhAE-WV9g,3,Tohono Chul Garden Bistro,loved atmosphere beautiful desert oasis food took long maybe hour food average
zsQ1_PNV3KN0EWhAE-WV9g,5,Tohono Chul Garden Bistro,daughter looking nonchain restaurant area remembered hidden gem gone year ago disappointed looking forward coming see park like order two different plate share experience great food drink
zsQ1_PNV3KN0EWhAE-WV9g,5,Tohono Chul Garden Bistro,place unbelievable dont miss food wow garden setting gorgeous serene staff friendly good treated new nonalcoholic drink mango cucumber delicious heaven smiling place
zsQ1_PNV3KN0EWhAE-WV9g,4,Tohono Chul Garden Bistro,dined tohono chul bistro many time breakfast beautiful day beautiful place shade cousine arrived wait eats gf pleased star waiter zach hesitancy describing easily selection could modified suit ordered coffee omelet avocado roasted poblano chile chorizo side dish fruit selected hot water byoed tea variation huevos rancheros side dish happy egg real feature fresh fruit lovely tasty berry blue rasp straw grape flavor good texture decent sliced cubed bagged melon flavorful orange slice hat chef made tremendous difference tweak id suggest quality coffee could think upped especially price
zsQ1_PNV3KN0EWhAE-WV9g,3,Tohono Chul Garden Bistro,hit miss place outdoor seating area tranquil beautiful enough draw allow establishment get away soso food disproportionately high price erratic service seated indoors id given twostar rating witnessed friendly waitstaff waiter devoid personality exceptionally slow entree three taco adequate brownie la mode turned three sizable brownie generous ive ever seen like said hit miss
zsQ1_PNV3KN0EWhAE-WV9g,2,Tohono Chul Garden Bistro,restaurant decline ever since new owner took apart poorly organized dining room seated spot every waiter brushed chair trying squeeze wobbly table kitchen seriously mismanaged son ordered pastry obviously dayold croissant hard ask three time scrambled egg waiter finally brought someone else tried bring another serving five minute later tea room used one favorite specialoccasion place advice save money even close worth
zsQ1_PNV3KN0EWhAE-WV9g,4,Tohono Chul Garden Bistro,bistrocafe great food unique beautiful setting within urban park dine inside old restored building hummingbird garden enjoy peaceful desert ambiance food match great setting flavorful southwestern dish well simple beautifully executed cafe food sandwich right portion served good french fry taco trio good although fish taco bit dry need good sauce fruit served dish always fresh definitely enjoy prickly pear lemonade unlimited refill neon pink color everyone around well two point caution recently raised price pay surroundings dont go hungry portion fine plentiful dont plan split anyone
zsQ1_PNV3KN0EWhAE-WV9g,4,Tohono Chul Garden Bistro,setting absolutely gorgeous expecting eat outside could see hummingbird butterfly pleasant surprise took close minute ordering lunch receive food reason im giving star little overpriced experience definitely go back
zsQ1_PNV3KN0EWhAE-WV9g,1,Tohono Chul Garden Bistro,two additional trip back bistro yielded opinion mediocre food expensively priced long wait time friendly staff member several museum whose restaurant operated company pima air space museum sonoran desert museum operation cafeteriastyle serve hot grill venue food average good price tohono chul park however restauranteers attempting white table cloth finediningprices whilst serving sweet potato fry wrap burger attempt creative entree dismaleither flavor peparedpresented promised menu simply add much loved eating brunch stroll park returning change management
zsQ1_PNV3KN0EWhAE-WV9g,5,Tohono Chul Garden Bistro,favorite brunch spot chicken waffle chul brunchalada daily fresh baked muffin best
zsQ1_PNV3KN0EWhAE-WV9g,4,Tohono Chul Garden Bistro,lovely setting truly enjoyed meal could fantastic waiter slightly interested creating better experience menu great food specific region different place else compelled sign front bistro stating bottomless mimosa margarita however asked refill laughed said seemed odd since brought u first place asked question regarding menu answer non informative completely unhelpful seemed uninterested helping u thankful meal tasty atmosphere completely serene
zsQ1_PNV3KN0EWhAE-WV9g,4,Tohono Chul Garden Bistro,visited brunch hike reason im giving place star breathtaking atmosphere otherwise would service wasnt great beverage refreshed timely one point one diner group got went service area refill coffee waiting long food wasnt bad best ive werent atmosphere wouldnt return price high okay food mediocre service one hostess poorly fitting clothing pant far tight short shirt creating slight spillage midriff expected place like also lady room need repair one toilet wasnt secured floor properly extremely wobbly
zsQ1_PNV3KN0EWhAE-WV9g,5,Tohono Chul Garden Bistro,great ambiance even food bad scenic ambiance well worth experience sunday brunch favorite bottomless drink delectable cuisine
zsQ1_PNV3KN0EWhAE-WV9g,3,Tohono Chul Garden Bistro,atmosphere nice long hot indoor employee weird could care le husband remind several time volunteer dont think kind excuse past reception restaurant got better manager nice sat u immediately turned u another capable waiter mimosa nice much sugar chile rejellno huge didnt really like enough protein inside stuffed cheese chicken like chicken never found batter tasteless much doughy know forced make mother would never order would go back try something else husband happy taco would also go back
zsQ1_PNV3KN0EWhAE-WV9g,1,Tohono Chul Garden Bistro,broke dont fix went tea room average twice month last plus year ups down forgivable tearoom charming past tense charm longer even old mexican tile floor cemented part history atmosphere could go ordinary restaurant silly new name havent attempted breakfast yet new lunch menu overpriced get even hadnt big fan tea room new garden bistro well take visitor
zsQ1_PNV3KN0EWhAE-WV9g,3,Tohono Chul Garden Bistro,came party early friday morning prewedding brunch group already put drink order arrived nearly everyone mimosa deal first second subsequent free ordered bloody mary waiter didnt write order ended bringing mimosa bit annoying good drank instead throwing fit service fairly attentive food good could sense bit annoyance u stayed eating food mimosa deal might come probably big party
zsQ1_PNV3KN0EWhAE-WV9g,5,Tohono Chul Garden Bistro,delicious egg benedict sweet potato hash skillet chorizo substitute vegan sausage tranquil patio ambience soft water fountain southwestern architecture flora excellent customer service tara recommended brunch dish u back soon
zsQ1_PNV3KN0EWhAE-WV9g,1,Tohono Chul Garden Bistro,went mother day reservation sat right away sat back patio mom thought got hot center restaurant wanted back awesome day sat minute mom go get someone serve u finally got sever friendly obvious know little service came see never cleared plate away sat dirty plate food mediocre best walking buffet manager bigger guy heard telling staff deal one customer ridiculous complaint thought unprofessional saved back kitchen get food sit appeared grilled corn tasted like cleaning chemical absolutely gross back patio smelled really bad drove realized loading dock trash adjacent patio explained horrible smell nothing like eating next trash baking hot arizona sun way smelled like cleaning supply well hence maybe taste food spent dollar junk food service go elsewhere
zsQ1_PNV3KN0EWhAE-WV9g,5,Tohono Chul Garden Bistro,awesome food skillet deliciousthe passion tea tasted like regular iced tea little disappointing service exceptionalill back
zsQ1_PNV3KN0EWhAE-WV9g,3,Tohono Chul Garden Bistro,took friend lunch today waited almost minute hostess appear finally dour offered apology wait curt table two warmth haddock norm point forward service food excellent
zsQ1_PNV3KN0EWhAE-WV9g,3,Tohono Chul Garden Bistro,excellent little find northwest side tucson real reason go sit patio within garden came brunch enjoyed egg benedict wasnt best wasnt worst service lot people remarked wasnt great wasnt horrible either say everything except beautiful patio sat alright place seems novelty place take someone environment absolutely find better breakfast else
zsQ1_PNV3KN0EWhAE-WV9g,1,Tohono Chul Garden Bistro,mean go park care food experience id suggest eating elsewhere friend lunch yesterday pretty hoping allaround good experience nutella crepe strangepossibly nutella blended cream cheese although edible although didnt eat much justoff id never would ok future ill stick nutella straight thank friend egg benedict adequate nothing write home accompanied grilled english bread looked like marinated oil ugh tres taco bland steak chewy didnt even bother item inexpensive taco plate although reach either would rather spent money admission park tasty lunch somewhere else
zsQ1_PNV3KN0EWhAE-WV9g,2,Tohono Chul Garden Bistro,brought town guest today lunch unfortunately server robert rude husband meal prepared wrong happens however came done meal never apologized asked coffee fry came meal replied table understand everyone bad day robert many opportunity apologize many great restaurant tucson excellent food good service today experience sadly unacceptable
zsQ1_PNV3KN0EWhAE-WV9g,4,Tohono Chul Garden Bistro,went brunch visit nearby garden small kid menu usual fare like mac cheese wife omelette prickly pear lemonade one special staff friendly helpful good visit sat outdoors soak sun
zsQ1_PNV3KN0EWhAE-WV9g,2,Tohono Chul Garden Bistro,disappointment ordered chicken waffle chicken breast delicious waffle cold cooked service average server others example one picking nose serving sat patio umbrella difficult adjust although repeatedly struggled set upright one offered assist u none anxious return
zsQ1_PNV3KN0EWhAE-WV9g,1,Tohono Chul Garden Bistro,lunch today daughter sister daughter avocado toast pretty basic avocado slice pepper toast sister street taco disappointment first nothing remotely fresh plate calabacitas small dish tasteless brown mushy overly cooked squash onion chicken taco dry overly salted carne asada taco tasteless mushy brown mystery meat best thing plate thing eaten cod fish taco okay piece frozen breaded fish going charge per taco really step tucson best mexican food found almost every street corner cry loud
zsQ1_PNV3KN0EWhAE-WV9g,5,Tohono Chul Garden Bistro,place one favorite brunch spot tucson ambiance nice really pretty garden cute desert gift shop lot unique knick knack food delicious like menu change regularly good place take towner
zsQ1_PNV3KN0EWhAE-WV9g,5,Tohono Chul Garden Bistro,best experience ever vegan non vegan option boyfriend dog friendly patio beautiful springsummer weather food delicious coffee great server alex doll face made sure take care dog bringing water highly suggest relaxing romanticfriendly breakfast definitely worth stop tucson come atmosphere stay food
zsQ1_PNV3KN0EWhAE-WV9g,4,Tohono Chul Garden Bistro,garden hidden gem tucson mustve driven place hundred time decided come garden entertain outoftown guest wish discovered earlier definitely plan visit garden lunchbrunch main plus coming eat garden beautifully decorated serve breakfast lunch daily dinner service well sunday brunch bistro pretty good expect wait four u waited minute table sunday brunch okay one craft gift shop one greenhouse plant shop site neat thing ordering another ish minute get food ton outdoor seating nice earthy relaxing ambience place also decorated beautiful painting local artist purchase omelet huge really good choose topping extra topping come side potato toast jam fiancee loved huevos rancheros come atop traditional fry bread instead tortilla
zsQ1_PNV3KN0EWhAE-WV9g,5,Tohono Chul Garden Bistro,friendly prompt service beautiful venue egg benedict chicken green chili waffle good little pricey looking cheap lunch want classy desert oasis tohono chul garden bistro ticket
zsQ1_PNV3KN0EWhAE-WV9g,4,Tohono Chul Garden Bistro,hand best quesadilla ever life wow never eat leftover took mine enjoyed later day margarita subpar everything else great
zsQ1_PNV3KN0EWhAE-WV9g,5,Tohono Chul Garden Bistro,go soup day green chile chicken enchilada soup omg love place smoked salmon salad salty everything else great nova belly ya know mean
zsQ1_PNV3KN0EWhAE-WV9g,5,Tohono Chul Garden Bistro,beautiful setting really great food service creative menu offer brunch option good inside outside seating make comfortable experience
zsQ1_PNV3KN0EWhAE-WV9g,5,Tohono Chul Garden Bistro,beautiful garden setting lunch walk well maintained patio old fountain onto outdoor garden setting enjoyed vegetarian bowl along mango iced tea im usually walking tohono chul path sunday breakfast may hold breakfast brunch
zsQ1_PNV3KN0EWhAE-WV9g,5,Tohono Chul Garden Bistro,visiting dad tucson told bistro tohono chul nice enjoying garden lunch cafe enjoyed lunch much particular father ordered pancake peanut butter sauce said really delicious thought good pancake get decided taste oh gosh really awesome ive never better pancake spectacular peanut butter sauce best pancake n sauce ever ate im really picky
zsQ1_PNV3KN0EWhAE-WV9g,2,Tohono Chul Garden Bistro,used fav recent year tea room became bistro customer tea room many year even baby shower year ago favorite dish chicken enchilada salad best dressing ever made house fast forward bistro loved meal longer tried others breakfast avocado toast absolutely flavor hugely disappointed recommend first watch best avocado toast cant remember meal got lunch one memorable delicious disappointing many year enjoyment setting beautiful surrounded garden waitstaff usually friendly price terrible good since werent happy food id return drink ambiance meal
zsQ1_PNV3KN0EWhAE-WV9g,5,Tohono Chul Garden Bistro,best brunch life street taco die carne asada jalapeno orange cremoso shredded chicken cascabel sriracha coronabattered cod crystallized ginger aioli omg every bite incredible plus prickly pear lemonade fantastic plus dropdead gorgeous outdoor scenery plus friendly attentive staff wonderful wonderful place
zsQ1_PNV3KN0EWhAE-WV9g,5,Tohono Chul Garden Bistro,wanted nice quiet breakfast spot tohono chul serf breakfast garden patio fragrant flower butterfly hummer setting three egg egg benedict call another name delicious wife omelette remember ask crispy potato treat calm ambiance patio make memorable day back
zsQ1_PNV3KN0EWhAE-WV9g,2,Tohono Chul Garden Bistro,food excellent finally received need get service together first arrived seated somewhere moved different room seated without menu waited minute food arrive come four five u got food told person plate would ready two minute ten minute later inquired someone wasnt server brought right though maybe sitting normally huge rush toddler u trying keep occupied almost hour without food borderline torture however like said food ordered delicious would make sure lot time go
zsQ1_PNV3KN0EWhAE-WV9g,5,Tohono Chul Garden Bistro,saturday brunch huevos rancheros delicious mine scrambled egg native fry bread calabacitas chorizo great flavor good service good fast dont forget visit garden look succulent desert plant
zsQ1_PNV3KN0EWhAE-WV9g,2,Tohono Chul Garden Bistro,service slow waiter seems disappeared adopt one two waitress patio check order ask water refill entree really small price highlight patio lush garden setting gift shop lovely
zsQ1_PNV3KN0EWhAE-WV9g,1,Tohono Chul Garden Bistro,disappointment going tea room year loving bringing family friend methinks unfortunate first atmosphere close stark white table cloth yuk painting old ship sea whats got arizona food expensive fancy salad neither one u said wed get clump yep clump power green pile green couple caramelized onion two fried avocado slice pile cucumber sliced flavorless steak much oh miss tea breakfast wolferman english muffin cream cheese drat anyway looking old chef went going next time big tear
zsQ1_PNV3KN0EWhAE-WV9g,5,Tohono Chul Garden Bistro,tranquil secret garden breaky butterfly bird song bottomless prickly pear mimosa grand dined breakfast warm tuesday august early morn surrounded matter cactus vine green thing server kind friendly warm knowledgeable chose sit outdoors back patioonly two couple shady tiny bit sunshine peeking thru quiet decently private good one one conversation delectable huevos rancheros came two egg get easy native fry bread crunchy warm puffy chewy calabacitas ranchero tomatillo sauce notably handmade chul sausage wow wow havent magificent huevos rancheros since stay four season scottsdale chef made food passion remember every taste nowhere else go could luxuriate day would partake splendid bottomless prickly pear mimosasof sadly one hub got pb j griddlecake homemade cactus arbol preserve omg nectar god peanut butter powderjust trust processbananas royal chul sausage delighted artistry menu gardenahhh please dont come
zsQ1_PNV3KN0EWhAE-WV9g,5,Tohono Chul Garden Bistro,lunch today group friend celebrate birthday food delicious server sarah exceptional pleased see many vegetarian vegan option menu
zsQ1_PNV3KN0EWhAE-WV9g,5,Tohono Chul Garden Bistro,stopped lunch april visiting park met friendly staff obviously working hard seat guest promptly accommodate wish indooroutdoor seating sat inside table lovely view outdoors flower everywhere assistance helpful server angellina decided quesadilla light crispy flavorful delicious discussing dessert option angellina jessie tried chocolate mousse includes vanilla bean concoction wonderful found coffee quite strong quickly provided small pot hot water reduced strength right amount speaking beverage prickly pear lemonade refreshing warm afternoon angellina visited table periodically make sure thing ok jessie also stopped make sure enough water bringing glass shortly seated staff member observed pleasant time busy admired worked together keep thing running smoothly busy saturday afternoon lunch lovely way conclude time tucson beginning hour drive home area would definitely recommend planning stop delightful bistro
zsQ1_PNV3KN0EWhAE-WV9g,4,Tohono Chul Garden Bistro,husband moved far tohono chul park spent sunday morning walking park wasnt crowded docent friendly starting get hot muggy ended trip inside cool bistro seated immediately joseph waiter attentive ordered quiche side salad delicious balsamic dressing husband ordered three soft taco one fish pork chicken enjoyed meal ordered warm apple pie vanilla ice cream good price little high well worth whole experience museum shop attached bistro lot interesting item perfect gift bought delightful lizard pin sun hat lady gift store friendly bring family friend support park offer tucson
zsQ1_PNV3KN0EWhAE-WV9g,3,Tohono Chul Garden Bistro,restaurant tohono chule beautiful location breakfast patio exquisite great town guest want something bit upscale nw go ambiance food ok
zsQ1_PNV3KN0EWhAE-WV9g,3,Tohono Chul Garden Bistro,tohono chul garden bistro redeemed largely atmosphere patio old tea room fairly uneven year last chef talented capable enough create food enhanced experience sitting beautiful garden garden bistro fails achieve thisat least lunch menu doesoffering bland overpriced fare little excuse sit outside mushroom vegetable openfaced sandwich proved soulless poorly integrated though small basket sweet potato fry well tasty perfectly cooked quiche special forgettable even swallowed sufficiently filling staff friendly patio remains one best setting restaurant town ambience get far
zsQ1_PNV3KN0EWhAE-WV9g,4,Tohono Chul Garden Bistro,garden patio really best part place mild tucson day like one weekend stopping really quite treat brunch menu extensive yelpers mentioned lil pricy soa head staff also extremely accommodating friendly always much appreciated ordered stratum wa green salad tried prickly pear mimosa quite goodpretty generous portion tried soak much time wonderful patio could went checked actual park afterwards truly lovely way spend sunday tucson
zsQ1_PNV3KN0EWhAE-WV9g,4,Tohono Chul Garden Bistro,garden beautiful courtyard sit dine seated far courtyard hummingbird garden table nicely shaded mostly direct sunlight server attentive helpful looked brunch menu made decision mother decided split do rancheros came two egg native fry bread potato calabacitas ranchero tomatillo sauce ham split charge well worth receive smaller yet still filling portion presentation reminds open face sandwich fry bread bottom sauce fried egg top accompanied calabacitas potato either corner well cooked well seasoned sauce added another layer flavor well overall experience good worth stop stroll garden
zsQ1_PNV3KN0EWhAE-WV9g,2,Tohono Chul Garden Bistro,food interesting innovative unoriginal bland definitely thought overpriced seriously charge coffee made pot burnt brunch prep pastry infinitely better much le expensive good alternative option people dairy gluten restriction skip save lot money overhyped spot tucson one disapointing fifty dollar ive spentfor two people didnt even get booze
zsQ1_PNV3KN0EWhAE-WV9g,4,Tohono Chul Garden Bistro,eaten many time service always wonderful food also good enjoyed bird butterfly flying around table ate outside garden
zsQ1_PNV3KN0EWhAE-WV9g,5,Tohono Chul Garden Bistro,excellent youre lucky enough come day beef stew one soup grab palmer great beverage everything including gift shop high quality
zsQ1_PNV3KN0EWhAE-WV9g,4,Tohono Chul Garden Bistro,stroll tohono chul stopped sit enjoy nice weather bloody mary bloody mary good spicy would hoped asked forbut good server trevor friendly attentive
zsQ1_PNV3KN0EWhAE-WV9g,5,Tohono Chul Garden Bistro,wasnt great morning neither wife best mood offered take lunch hope would cheer u garden bistro tohono chul lunch former work colleague liked decided make long drive across town last time visited garden bistro tohono chul park probably year ago tea room memory serf correctly time small handful table inside gift shop serving tea artsy little sandwich boy difference couple decade made inside seating window looking patio dining area park garden offered choice inside seating patio opted inside seated promptly waiter friendly attentive time totally invisible timing impeccable chose blue corn sopes carne asada sopes accompanied cholla corn slaw calabacitas red chile sauce asadero cheese pico de gallo delicious blue corn masa patty sopes perched atop large portion cholla corn slaw featured fresh cob corn red green bell pepper onion mild flavorful thin strip chile pepper visually appealing tasted great calabacitas consisted diced zucchini corn black beam expecting delicious none le star dish definitely carne asada melt mouth tender strip beef seasoned charred perfection probably best carne asada ive ever tasted ive tasted lot bet wont wait another year go back
zsQ1_PNV3KN0EWhAE-WV9g,3,Tohono Chul Garden Bistro,mixed feeling tc love food eating outside garden three star meal large charge split plate fee pay overeat take box great tucson heat reconsider split plate feeshow respect small diner run suggested tip bill based total includes tax cool ch
zsQ1_PNV3KN0EWhAE-WV9g,3,Tohono Chul Garden Bistro,food relatively good except occasional stale bowl lettuce bread however last lunch visit friend wasnt greatest service came asking one refill iced tea wasnt like hanging around holding table asked refill waitperson brought meal stated rush never showed person took order didnt much service type personality either like pained possibly day bit engaging would nice wait staff realize affect tip food bit overpriced quality winter visitor weve year management keep abreast type service patron receive otherwise garden beautiful
zsQ1_PNV3KN0EWhAE-WV9g,3,Tohono Chul Garden Bistro,ive friday happy hour also brunch although ive always amazing service food impressive small dish offered happy hour cold didnt seem freshly made cant even remember got brunch really wasnt memorable prickly pear drink delicious though
zsQ1_PNV3KN0EWhAE-WV9g,4,Tohono Chul Garden Bistro,tohono chul home botanical garden art museum bistro gift shop easily spend entire day wandering around admission fee garden museum garden bistro admission fee lovely spot dine also get glimpse garden bistro open daily pm food aim locally sourced organic parking free lunch friend ordered chicken waffle portion hearty left full dessert chicken tender waffle nice little kick entire plate flavorful especially tajin watermelon lovely summer day dined patio enjoyed scenery service little slow considering place almost empty fine since gave time soak scenery overall garden bistro great lunch spot due food ambiance take time relaxing comforting meal
zsQ1_PNV3KN0EWhAE-WV9g,5,Tohono Chul Garden Bistro,fantastic settingabsolutely beautiful gorgeous brunch patio food drink good especially lemon bar dessert service good
zsQ1_PNV3KN0EWhAE-WV9g,5,Tohono Chul Garden Bistro,got back reception celebrating grandpa life family put together tohono chule aside fact many acre beautiful local local plant bloom beauty place lunch spread service excellent private room extended family friend provided everything asked mini chocolate cake grandpa favorite quietly lovely music filled background elegant tasteful event thanks folk tohono chule helped u put together
zsQ1_PNV3KN0EWhAE-WV9g,4,Tohono Chul Garden Bistro,see pink drink picture prickly pear margarita get one may want second good lunch patio good meal three u agreed eat didnt make overpriced think
zsQ1_PNV3KN0EWhAE-WV9g,4,Tohono Chul Garden Bistro,cant imagine better place enjoy breakfast back garden omelet good try one cream cheese
zsQ1_PNV3KN0EWhAE-WV9g,4,Tohono Chul Garden Bistro,great service beautiful environment food solid there room improvement overall great experience im excited come back test rest menu
zsQ1_PNV3KN0EWhAE-WV9g,5,Tohono Chul Garden Bistro,excellent patio april lot flower terrific service everyone haley joy wonderful food buttermilk mesquite pancake delicious sunday brunch huevos rancheros spicy nice combo prickly pear lemonade terrific great kid
zsQ1_PNV3KN0EWhAE-WV9g,4,Tohono Chul Garden Bistro,nice food good setting especially hummingbird garden gift shop local native artist
zsQ1_PNV3KN0EWhAE-WV9g,4,Tohono Chul Garden Bistro,loved pancake charcuterie tasteful fun eat also ordered salmon arugula salad salmon nicely cooked tender juicy nice spice dry much arugula also chicken waffle chicken also tender juicy loved watermelon space top
zsQ1_PNV3KN0EWhAE-WV9g,4,Tohono Chul Garden Bistro,nice lunch good service food distancing good nice variety food bit crowded wait worth back friend
zsQ1_PNV3KN0EWhAE-WV9g,4,Tohono Chul Garden Bistro,probably favorite brunch place since moving tucson lush garden wildlife awesome service food bottomless mimosa merely bonus tohono chul criticism friday offer happy hour till imagined mixing garden talking chef canape isit like typical restaurant experience people seated table apart ordering prix fixe dinner menu palesin comparison brunch menu um overall food drink still good wasnt intimate chef drive experience expecting
zsQ1_PNV3KN0EWhAE-WV9g,2,Tohono Chul Garden Bistro,tohono chul wife time first time year ago food good spectacular good favorite huevos rancheros although even received cold wife tried almost everything bad great either go back sit outside garden watch hummingbird bring jack russell food declined visit went back yesterday breakfast changed menu trashing best breakfast dish huevos rancheros replacing do rancheros basically huevos rancheros le potato higher price whomever responsible restaurant hell good job severely disappointed jf
zsQ1_PNV3KN0EWhAE-WV9g,2,Tohono Chul Garden Bistro,back tucson looking forward introducing place friend say food huge disappointment smoked salmon salad salmon seemed like came definitely fresh love salmon color pale pink almost unrecognizable salmon even pink salmon green fresh amount vinegar salad kind ruined dressing served side best thing dish small portion served looking forward nice smoked coho price applauded quality dish service ok served wrong tea used frequent place tea room usually packed time year winter visitor local alike wondered empty noon think know talked lovely ground food although catered fabulous case visit destination lunch experience become overpriced disappointment
zsQ1_PNV3KN0EWhAE-WV9g,4,Tohono Chul Garden Bistro,food better would thought reading review change ownermenuwhatever successful mom got hatch green chili relleno special stuffed chicken black bean cheese etc size small loaf bread delicious skillet tasty friend got breakfast fry bread different fry bread get fair probably healthier little different expecting mixed churizo egg really tasty dish table almost close together main dining room felt little crowded waiter constantly move around table couldnt get certain path chair occupied server joseph friendly fun felt like poor guy entire dining room area definitely hustling always felt well taken care next time go warmer try lovely patio seating
zsQ1_PNV3KN0EWhAE-WV9g,4,Tohono Chul Garden Bistro,new menu great food think people need go back try new management new menu inside patio seating great attentive staff quiet setting found great place personal meeting biz
zsQ1_PNV3KN0EWhAE-WV9g,4,Tohono Chul Garden Bistro,update tried tohono chul impressed chicken waffle server sat patio enjoyed great food service server friendly attentive patient food fresh delicious highly recommend chicken waffle beautiful setting garden socomplaintsthe bee swarming made eating challenge female hostess front long dark hair absolutely rude unprofessional arm crossed speaking made clear sit outside wasnt friendly made wonder felt need rude smile matter fact attitude said return probably eat inside also highly recommend reservation avoid attitude get busy returned friend birthday lunch ordered sandwich took almost hour get club style sandwich ordered ice tea different people finally showed asked food told busy excuse apology two star edible def delicious
zsQ1_PNV3KN0EWhAE-WV9g,4,Tohono Chul Garden Bistro,tohona chul special place heart park father favorite place actually dedicated bench parent passed away one right across sundial iykyk bistro kind place always take visitor there something menu appeal everyone burger salad chicken waffle kind breakfast fare two diner picky eater dietary restriction cleaned plate weve never brought anyone didnt enjoy meal get little early get beeper go gift shop wander around call support great tucson treasure dont forget take leisurely stroll around park youre
zsQ1_PNV3KN0EWhAE-WV9g,5,Tohono Chul Garden Bistro,place really impressed weekend reserved chul room believe thats room called small baby sprinkle long story short mix reservation lost manager apologized everything power make right server great believe name nick back sure
zsQ1_PNV3KN0EWhAE-WV9g,5,Tohono Chul Garden Bistro,good brunch highly recommend sitting outside get full experience bistro staff courteous efficient
zsQ1_PNV3KN0EWhAE-WV9g,2,Tohono Chul Garden Bistro,returned friend birthday lunch ordered sandwich took almost hour get club style sandwich ordered ice tea different people finally showed asked food told busy excuse apology two star edible def delicious
zsQ1_PNV3KN0EWhAE-WV9g,5,Tohono Chul Garden Bistro,visited garden bistro today noticed something awesome serve brunch day rarity tucson get omelette pm want love place fascinating dining cute brick house couple lived many year ago service friendly staff seem happy like enjoy job food option unique everything fresh favorite thing get garden hash consists vegan sausage roasted potato spinach corn tomato mushroom red pepper pesto top served little skillet yummy filling prickly pear lemonade cant beat either
zsQ1_PNV3KN0EWhAE-WV9g,4,Tohono Chul Garden Bistro,enjoyed leisurely brunch chicken waffle crispy chicken breast blue corngreen chile waffle chiltepinmesquite honey tajin watermelon along nonalcoholic prickly pear cooler outdoor patio creative refreshing delicious recommend bistro ambiance food
zsQ1_PNV3KN0EWhAE-WV9g,4,Tohono Chul Garden Bistro,family lived tucson well year never tohono chul park absolutely beautiful inside outside bistro great place enjoy food definitely best egg ive great service server super friendly welcoming prickly pear lemonade must refreshing food also good good variety reminds southwestern style different restaurant go reason star walked inside interesting smell inside aside everything else outstanding
zsQ1_PNV3KN0EWhAE-WV9g,1,Tohono Chul Garden Bistro,food horrible horrible dry tasteless old falafel sandwich complained heard apology unprofessional server never return place serf old rotten falafel customer
zsQ1_PNV3KN0EWhAE-WV9g,4,Tohono Chul Garden Bistro,beautiful place brunch lady definitely try prickly pear lemonade free refill satisfying instagram worthy looking drink hue seating front fountain back patio garden perfect placed relax eat wedding shower reserved back went definitely pretty space lot cardinal spotting ate food good nothing ordinary basic cafe selection breakfast lunch kid menu seat available
zsQ1_PNV3KN0EWhAE-WV9g,2,Tohono Chul Garden Bistro,back tucson looking forward introducing place friend say food huge disappointment smoked salmon salad salmon seemed like came definitely fresh love salmon color pale pink almost unrecognizable salmon even pink salmon green fresh amount vinegar salad kind ruined dressing served side best thing dish small portion served looking forward nice smoked coho price applauded quality dish service ok served wrong tea used frequent place tea room usually packed time year winter visitor local alike wondered empty noon think know talked lovely ground food although catered fabulous case visit destination lunch experience become overpriced disappointment
zsQ1_PNV3KN0EWhAE-WV9g,4,Tohono Chul Garden Bistro,came brunch sat outside lovely patio price little expensive compared brunch place pay ambiance food delicious prickly pear margarita one best margarita ive tucson offer bottomless mimosa margarita deal single wasnt driving would definitely taken advantage deal ordered egg benedict potato potato nice crispy benedict delicious served crusty white bread ham three poached egg way saw setting holiday buffett looked menu website look really good overall nice setting brunch delicious cocktail entree
zsQ1_PNV3KN0EWhAE-WV9g,5,Tohono Chul Garden Bistro,amazing food service beautiful surroundings delicious beautifully presented food friendly service wont want miss amazing venue favor treat visit
zsQ1_PNV3KN0EWhAE-WV9g,1,Tohono Chul Garden Bistro,arrived lunch noon willing wait told minute waited hour upon checking host second time found name already crossed terrible experience normally goto place eat extremely disappointed male host rude know time tough customer service important
zsQ1_PNV3KN0EWhAE-WV9g,5,Tohono Chul Garden Bistro,visit absolutely wonderful today hostess sweet welcoming server tom absolutely incredible probably best service weve ever received fast accurate fantastic sense humor top got do rancheros husband got chicken waffle exceeded expectation definitely say next time come back ill ordering chicken waffle dont steal bite hubby plate sat outside beautiful heated patio would perfect wasnt rude nasty guest seated next u ruining nice peaceful atmosphere everyone one woman got sick began vomiting requested food ordered boxed came kitchen upset thats came decided stay eat concern sick friend letting server know changed mind guess mind reading part serving never knew hard enjoy beautiful garden seated next couple karen seemed determined negative experience aside everything perfect food service
zsQ1_PNV3KN0EWhAE-WV9g,5,Tohono Chul Garden Bistro,another favorite great meeting friend happy hour even two u relaxed course cant beat beautiful setting
zsQ1_PNV3KN0EWhAE-WV9g,1,Tohono Chul Garden Bistro,wife member tohono chul garden beautiful setting restaurant two grandchild age seated far corner outside area restaurant made difficult server take care u took long time take order taco entree sopas vegan sausage sandwich took long time food arrive thought due restaurant busy initially food arrived cooler thought likely due sitting vegan sandwich vegan sausage sold dollar kaiser roll pepper mixture could cost couple dollar wife got sopas greasy cool consider foodie feel chef understand seasoning menu item read innovative execution done amateur chef grandkids eat food saying taste good bill almost dollar positive first rate chef could fix issue recommend going restaurant recommend visit garden
zsQ1_PNV3KN0EWhAE-WV9g,2,Tohono Chul Garden Bistro,back tucson looking forward introducing place friend say food huge disappointment smoked salmon salad salmon seemed like came definitely fresh love salmon color pale pink almost unrecognizable salmon even pink salmonthe green fresh amount vinegar salad kind ruined dressing served side best thing dish small portion served looking forward nice smoked coho price applauded quality dish service ok served wrong tea used frequent place tea room usually packed time year winter visitor local alike wondered empty noon think know talked lovely ground food although catered fabulous case visit destination lunch experience become overpriced disappointment
zsQ1_PNV3KN0EWhAE-WV9g,5,Tohono Chul Garden Bistro,bistro joy must stop garden drink fresh chicken waffle w watermelon salad inspiring maybe life changing bistro part jewel tucson life one best brunch spot tucson
zsQ1_PNV3KN0EWhAE-WV9g,3,Tohono Chul Garden Bistro,came visited tucson messed egg benedict order big time presentation nice ideal setting brunch quaint environs ok maybe server cook day day hence star ill cut slack
zsQ1_PNV3KN0EWhAE-WV9g,1,Tohono Chul Garden Bistro,party arrived yesterday pm sign posted wait seated wasnt busy took minute someone come seat u requested patio heater lamp seated far nearest lamp daughter returned vehicle get additional clothing wrap mother took quite time order placed minute afterward one mother year old wheel chair started vomit daughter left immediately asking waiter hold order yet put informed order already placed instructed wrap order go give bring home mother rather long wait one person refilled beverage checked u lunch delivered table everything wrapped go rather annoyed informed mother staying eat retrieved plate proceeded dump lunch plate leaving table trashed box bag partial lunch portion open brown box carry container cold cup tea coffee left table waiter disappeared knowing completely disgusted appearance brunch lack responsibility waiter asked could refill coffee bring mother hot water clear table could without box place annoyed retrieved manager also unapologetic bread came salad dumped box lunch wet asked replaced charged extra bread mother bread also wet disgusted dumped onto plate croissant sandwich void anything except lump chicken salad staff put request hot coffee tea carry meal unappealing addition claimed handicap accessible somewhat true isnt easy order get wheel chair go retrieve ramp put step using small compact wheel chair barely fit door leaving urgently friend stand doorway mother throwing waiting get ramp put door jam could exit colossal waste time money wouldnt even money somewhat accommodating fact treated abruptly rudely left badd taste mouth impossible evaluate food remedy would complete refund
zsQ1_PNV3KN0EWhAE-WV9g,5,Tohono Chul Garden Bistro,smoked salmon salad cucumber onion tomato mandarin orange slice spring green absolutely delicious enjoyed u party vegan hash looked good good sandwich fry eaten enjoyed others u drank prickly pear lemonade waiter provided super service drink refill without u even asking great time delicious food walked garden nice day
zsQ1_PNV3KN0EWhAE-WV9g,5,Tohono Chul Garden Bistro,delightful place dine walking thru beautiful botanical garden able sit outdoors back patio fan alvacado toast served arugala salad watermelon please also try prickley pear lemonade offer large menu many breakfast item
zsQ1_PNV3KN0EWhAE-WV9g,5,Tohono Chul Garden Bistro,husband always lookout restaurant serving organic food delighted find bistro tohono chul garden feature organic food menu saw first visit sit outside beautiful garden hooked always go brunch weekend yet disappointed great place take town visitor great showcase beauty sonoran desert usually arrive bistro later weekend never wait min table heard later go longer wait might also often choose bistro rainy weekend day limit crowd portion patio seating covered eat outside despite drizzle usually sit outside sitting inside fine outside give full garden experience always take advantage bottomless prickly pear mimosamargarita special usually stick mimosa even though huge tequila fanthe champaignprickly pear mix perfect breakfast also several nonalcoholic option husband doesnt usually drink alcohol hell usually order pellegrino splash prickly pear mix menu fairly varied smallish size another reason fan bistro menu vegan option glutenfree option husband typically get either avocado toast graze lunch bowl husband love chile relleno grilled shrimp street taco smashed spud good husband always get extra side regardless entree chooses server kind prompt even though always busy go never feel like waiting long anything noted review complained price expect pay organic food also assume income go support garden whole happy put little extra towards bottom line beauty garden provide garden half reason go eat first place havent check bistro
zsQ1_PNV3KN0EWhAE-WV9g,2,Tohono Chul Garden Bistro,truly rated expensive excited try place ground beautiful want place want paired great food good service great price try somewhere else food mediocre gave two star instead one drink would amazing place drink sit beautiful garden dont drink
zsQ1_PNV3KN0EWhAE-WV9g,5,Tohono Chul Garden Bistro,food absolutely wonderful mostly come prickly pear juice wonderful scenery art around place sale gorgeous unique gift shop sell art desert theme kitchen item rug shirt jam wait staff always polite friendly service comfortable worth bringing family friend even going date
zsQ1_PNV3KN0EWhAE-WV9g,4,Tohono Chul Garden Bistro,one favorite place food good lovely setting patio gorgeous inside seating eclectic quaint
zsQ1_PNV3KN0EWhAE-WV9g,1,Tohono Chul Garden Bistro,come garden atmosphere food paid thirty dollar disgusting slop wasnt chicken either turned pork either way gross expensive impressed wont back
zsQ1_PNV3KN0EWhAE-WV9g,4,Tohono Chul Garden Bistro,spot serene peaceful beautiful oasis sonoran desert middle hot summer day temperature hovering degree outdoor garden patio seated felt breezy shade tall tree bush bird singing flower everywhere service great food okay superb wait time long totally worth visit
zsQ1_PNV3KN0EWhAE-WV9g,1,Tohono Chul Garden Bistro,love place excited take girlfriend visiting brunch good thing beautiful since got horrible service took hour food arrive told late due coming oven arrived cold apology five asks food table around u came ate left got food disappointed use love coming
zsQ1_PNV3KN0EWhAE-WV9g,5,Tohono Chul Garden Bistro,beautiful place garden amazing lot outdoor seating service excellent waiter told monsoon salmon salad selected bottomless prickly pear margarita food drink exceptional definitely back
zsQ1_PNV3KN0EWhAE-WV9g,4,Tohono Chul Garden Bistro,hamburger great top quality meat service great loved lunch patio problem keep swatting fly way plate could find way resolve would every weekend thank loved restaurant
zsQ1_PNV3KN0EWhAE-WV9g,2,Tohono Chul Garden Bistro,go tohono chul docent tour garden advised local great bistro wasnt experience arrived early enough didnt much wait seating outside lovely served pretty quickly well offer good deal bottomless beverage didnt partake sharing entree entree looked big enough share theyll split order give extra side far good decided try taco split order instead three get four taco sound great tried fish chicken beef fish taco delicious chicken cold beef chewy food delivered server return ended go hostess station pay bill
zsQ1_PNV3KN0EWhAE-WV9g,5,Tohono Chul Garden Bistro,probably one best meal ive food super delicious lot flavor portion size large great prickly pear margarita also something try come amazing ordered graze lunch bowl vegan come spinach vegan sausage crispy potato garlic aioli tomato etc one favorite spot eat tucson delicious food prickly pear margarita people party ordered avocado toast ricotta toast breakfast charcuterie plate large portion everyone loved food
zsQ1_PNV3KN0EWhAE-WV9g,5,Tohono Chul Garden Bistro,delish brunch place taco egg smoked salmon tasty location known humming bird sadly day cold hummingbird sitings restaurant also tremendous gift shop many local wear tucson artist looking unique souvenir believe museum another gift shop along walking trail went early breakfast would love return explore property
zsQ1_PNV3KN0EWhAE-WV9g,5,Tohono Chul Garden Bistro,visited tohono chul garden bistro lunch yesterday thoroughly enjoyed sitting patio finally cool fall weather lovely nice surrounded lush garden ate squash soup yummy love squash grown site little sweet taste chicken club panini good ive disappointed similar sandwich restaurant one perfect focaccia crisp flavorful avocado bright green creamy like hard brown avocado ive served elsewhere cant beat fry garden bistro eitherdelish overall fabulous lunch great place enjoy beautiful weather satisfying appetite back sure
zsQ1_PNV3KN0EWhAE-WV9g,5,Tohono Chul Garden Bistro,try chicken waffle theyre unique take dish truly worth service scenery wonderful
zsQ1_PNV3KN0EWhAE-WV9g,3,Tohono Chul Garden Bistro,touring garden decided eat late lunch ordered chicken taco shrimp taco came taco side bean date enjoyed chicken taco although much sauce single taco literally covered dripped hand shrimp taco tasty however flavor drowned salad dressinglike sauce inundated shrimp spinach cabbage taco really good also good tortilla cold grated cheese ate shrimp tried scrape dressing vegetable let server know consolation prize scone ah well
zsQ1_PNV3KN0EWhAE-WV9g,1,Tohono Chul Garden Bistro,huge supporter locally owned restaurant time covid want make difficult business climate unfortunately rudest experience year eaten garden bistro tohono chul park many time since love park always enjoyed food prickly pear margarita touring garden website state last seating however chalkboard one approach hostess stand say lasting seating quick glance phone show within lime frame except hostess chatting phone refuse make eye contact dot three oclock hang say cant seat party experience one lady asks speak manager manager seat lady indicates back seat rest u ten minute later staff constantly walking around u completely ignoring presence extremely disappointed end visit way obviously management staff interest business perhaps next time tucson new ownersmanagement quality service restored garden bistro covid make difficulty restaurant visitor trying support travel industry also easy advice stay home save money business get clue year long think take
zsQ1_PNV3KN0EWhAE-WV9g,4,Tohono Chul Garden Bistro,grown visiting tohono chul big brunch friend day meal delicious prickly pear margarita pretty reason marked thought menu price pretty high brunch tucson definitely would go place special occasion
zsQ1_PNV3KN0EWhAE-WV9g,5,Tohono Chul Garden Bistro,spent dkmay tohono chul garden entire place beautiful take lot pleasure discovering new cactus plant nice brunch needed ordered chicken quesadilla husband ordered loraine omelette delicious say side bean quesadilla best ever eaten carafe chilled water placed table seated thank also bloody mary hot spicy way like wonderful experience fantastic meal
zsQ1_PNV3KN0EWhAE-WV9g,3,Tohono Chul Garden Bistro,simple review ground layout ambiance beautiful food mediocre concept original flavor good dont know cook egg brunch cocktail disappointing worst part service suck host condescending waited min greeted since service sucked ate cooked egg couldnt wait longer oh overpriced coming back
zsQ1_PNV3KN0EWhAE-WV9g,4,Tohono Chul Garden Bistro,wow place hidden gem friend dined last weekend wish known sooner first setting absolutely gorgeous bistro sits amongst beautiful tohono chul park setting get enjoy beautiful flora fauna sonoran desert top beauty serene quiet love architecture spanish colonial style thats bit rustic dined outside divine perfectly shaded beautiful scenery next food selection unique extensive hard time deciding went chicken waffle wow love come watermelon love waffle made blue corn flour devoured whole thing friend got prickly pear chicken loved also enjoyed prickly pear lemonade arresting fuchsia color drink alone make worth getting also delicious refreshing service perfect helpful imposing relaxing think server name trevor im gushing much star well bit pricy keep mind dish prickly pear lemonade tip paid almost lunch gal pal food good atmosphere wonderful definitely worth every cost though cant justify coming regular basis cost place perfect plus eat bistro without paying entrance park highly recommend
zsQ1_PNV3KN0EWhAE-WV9g,2,Tohono Chul Garden Bistro,first let explain low rating nothing food quality server lunch reservation largish group friend birthday friend arrived early decorate table told tablecloth available upon arrival told none finally brown tablecloth found arrived cake needed refrigerated waited least minute host hostess sight finally server bussing table finally came took cake knowledge reservation direct someone server friendly clearly second person assisting waited simple thing like ice water ranch dressing napkin used clean spilled drink cleared sum question lack anyone front house lack server croissant sandwich tasty cant say id recommend bistro big group
zsQ1_PNV3KN0EWhAE-WV9g,5,Tohono Chul Garden Bistro,love place although bit pricey brunch dish die chicken waffle incredible flavorful southwestern twist yum also prickly pear mimosa quite good atmosphere quaint charming service good
zsQ1_PNV3KN0EWhAE-WV9g,4,Tohono Chul Garden Bistro,one lovely little bistro tucked away hustle bustle beautiful setting tohono chul park lovely place visit loved brunch twice food tasted good ambience go back sitting outdoor patio even hot summer midday comforting lovely breeze coming would recommend beautiful outdoors decent fare
zsQ1_PNV3KN0EWhAE-WV9g,4,Tohono Chul Garden Bistro,lovely patio garden seating want eat visiting tohono chul garden little pricier side brunch worth able surrounded beautiful plant many bird great place spot hummingbird cardinal one place take guest enjoy outdoor brunch menu feature fresh local ingredient item rotate seasonally summer love many item incorporating watermelon thought current menu ricotta toast good want hint sweet something light topped strawberry fig jam toasted almond honey balsamic glaze watermelon salad side mini pancake charcuterie come board includes mini pancake chocolate assorted berry bacon nut butter husband favorite chicken blue corn waffle youre craving savory chicken pretty average blue corn waffle interesting sweet hint savory come delicious side tajin watermelon also offer prickly pear mimosa margarita even bottomless option super tasty overall always enjoy experience garden bistro
zsQ1_PNV3KN0EWhAE-WV9g,3,Tohono Chul Garden Bistro,good atmosphere drink margarita bloody mary pretty sure potato cross contaminated w meat get sick vegetarian service good well could really use music better ambiance
zsQ1_PNV3KN0EWhAE-WV9g,5,Tohono Chul Garden Bistro,beautiful relaxing place lunch offer two patio indoor dining inside dining area also nice want escape busy area ina oracle stop park great lunch patio area quiet today mid december butterfly flying around table true joy u eat service always good prickly pear lemonade great really like chul burger regular fry seasoned prefer regular fry sweet potato fry price bit higher local burger joint u great value quality food ability eat wonderful place
zsQ1_PNV3KN0EWhAE-WV9g,5,Tohono Chul Garden Bistro,great food great location great service lovely lingering brunch friend perfect place sit outdoors enjoy butterfly ordered avocado toast added egg better would expected work art actually egg added slightly overcooked would forgive since flavor delicious didnt really notice avocado toast grilled ciabatta skimping avocado also roasted tomato radish side salad arugula watermelon flavor amazing also service spot enough checking anticipation need like bringing leftover box without asked overall lovely experience
zsQ1_PNV3KN0EWhAE-WV9g,4,Tohono Chul Garden Bistro,say omelette okay perfect quiet place eat brunch seating outside inside table outside nestled next gift shop tour definitely something people enjoy outdoors food okay
zsQ1_PNV3KN0EWhAE-WV9g,1,Tohono Chul Garden Bistro,follow proper covid protocol insane omicron spike forcing people sit inside tightly packed literally empty table outside sun
zsQ1_PNV3KN0EWhAE-WV9g,5,Tohono Chul Garden Bistro,wonderful place celebrate special occasion woman celebrating th birthday agreed awesome special experience food amazing private room perfect best server cat made u feel special ran drink food helped u dessert without missing beat wed took positive memory beautiful place took notch thank gour making special day even better
